!Agilent,Technologies,N5242A,MY48420936,A.09.20.06,,,,
!Agilent,N5242A:,A.09.20.06,,,,,,
!Date:,Thursday,January,17,2013,9:52:53,,,
!Correction:,S11(Full,2,Port(1,2)),,,,
!S21(Full,2,Port(1,2)),,,,,
!S12(Full,2,Port(1,2)),,,,,
!S22(Full,2,Port(1,2)),,,,,
!S2P,File:,Measurements:,S11,S21,S12,S22:,,
#,Hz,S,dB,R,50,,,
10000000,-12.285791,-134.9951,-2.3952639,-10.617912,-0.79487252,-13.099424,-6.601614,28.144539
22475000,-15.504327,-159.88814,-1.840452,-63.693188,-0.94960052,-74.029686,-8.5644779,-89.118141
34950000,-13.026481,-152.94218,-1.763261,-119.35365,-0.92599136,-140.31584,-9.8403511,154.49605
47425000,-23.808487,-163.13956,-1.6951599,-169.42598,-0.94438887,158.36417,-10.376671,44.732384
59900000,-18.975784,-112.66352,-1.3925211,135.19986,-0.71811515,93.05072,-11.419867,-61.880981
72375000,-26.750862,106.85267,0.22316606,-84.162224,0.13784237,-89.832237,-15.233961,106.58824
84850000,-17.927849,66.038452,0.31962377,-146.09041,0.225133,-156.82098,-18.589754,-29.806908
97325000,-21.226019,33.204212,0.24210522,152.76125,0.087366864,136.64157,-18.34506,170.34357
109800000,-17.774221,55.528625,0.30578166,90.964371,0.10636365,70.148727,-14.463842,35.455849
122275000,-19.374327,173.73195,-0.096102215,-107.81894,-0.12053023,-114.17642,-20.318178,159.8884
134750000,-18.348907,101.54323,-0.16070999,-168.13464,-0.19149369,179.44133,-19.504494,86.083344
147225000,-18.553482,36.518871,-0.21484989,131.13788,-0.23029692,113.32085,-19.490705,11.903016
159700000,-18.835064,-17.685432,-0.16692202,70.463531,-0.17120722,46.69125,-19.818527,-50.140961
172175000,-16.226154,132.0166,-0.18265034,-128.95491,-0.18537857,-135.4492,-17.195858,141.32552
184650000,-17.327311,61.994942,-0.18612206,170.91232,-0.17011654,158.11403,-17.574991,81.852196
197125000,-21.617678,25.649874,-0.19481103,110.39649,-0.15307815,91.283897,-19.236309,22.256214
209600000,-17.860998,-5.5082164,-0.30251369,49.28754,-0.19912182,24.285257,-21.24818,-53.542446
222075000,-17.926882,112.5323,-0.17850354,-151.55534,-0.19698957,-157.43565,-16.667028,124.80353
234550000,-16.959269,64.023178,-0.20909841,146.73294,-0.24453445,135.40276,-15.766667,51.960945
247025000,-14.801364,5.4679832,-0.33247909,86.105949,-0.33452678,68.691971,-14.471491,-19.839458
259500000,-13.654621,-68.997223,-0.29159015,25.57279,-0.28280449,2.0440578,-14.035676,-91.624809
271975000,-15.32446,83.409218,-0.29853201,-171.95825,-0.23475523,-177.77039,-16.190498,93.017578
284450000,-15.435323,33.228558,-0.24172668,126.83439,-0.20271716,115.34801,-16.767088,29.088831
296925000,-14.669696,-20.297129,-0.28667277,65.600105,-0.19488125,48.129841,-16.027933,-30.216574
309400000,-14.603179,-82.66172,-0.37962323,4.9512587,-0.2833769,-18.960241,-14.722745,-94.343315
321875000,-16.170752,62.929073,-0.2810998,165.06458,-0.36396065,159.92542,-15.689138,89.011711
334350000,-14.815619,9.1196308,-0.28662443,104.30163,-0.38861319,93.172821,-15.289407,16.076252
346825000,-12.903009,-46.875206,-0.46438599,44.065632,-0.44799003,26.765795,-13.857729,-64.4533
359300000,-13.546573,-117.51015,-0.45910582,-15.76532,-0.45559475,-39.327232,-13.101704,-139.40056
371775000,-16.452948,42.396492,-0.27192295,144.24174,-0.34886059,138.35611,-15.256452,55.849747
384250000,-14.806852,-5.8682632,-0.35015765,83.342102,-0.36012849,71.641472,-16.169287,-13.685056
396725000,-13.147317,-69.671417,-0.4617705,22.778589,-0.41726962,4.8185716,-16.297352,-69.101967
409200000,-13.745471,-142.78062,-0.49148354,-37.612732,-0.4933458,-61.960384,-15.116156,-129.0006
421675000,-16.446722,13.186461,-0.33496863,120.69304,-0.36268157,116.05523,-16.238522,38.142517
434150000,-16.325792,-48.680637,-0.33276621,59.600033,-0.34887952,49.207424,-16.149231,-29.685154
446625000,-15.603499,-107.14807,-0.29330984,-2.6689546,-0.38348567,-17.651495,-16.358732,-90.451439
459100000,-15.03221,-168.21921,-0.30858457,-63.596191,-0.43231305,-84.301758,-17.198769,-155.42688
471575000,-17.190819,-23.297216,-0.33198661,97.651039,-0.26766258,92.033371,-17.957464,25.095791
484050000,-18.620153,-80.524559,-0.27585939,36.335758,-0.25260273,24.671347,-17.803553,-45.17292
496525000,-21.263224,-124.08928,-0.26369545,-25.352341,-0.25711253,-42.855053,-18.390024,-115.12149
509000000,-21.250046,-174.73993,-0.26806855,-87.209526,-0.25444135,-110.38701,-21.399258,173.85924
521475000,-24.23419,-58.557125,-0.2431317,73.996521,-0.23096666,67.989059,-24.547415,11.486669
533950000,-23.100729,-98.803513,-0.28729731,12.28106,-0.24363308,0.47240502,-23.755402,-55.434376
546425000,-19.963812,-170.28856,-0.35081175,-49.086422,-0.28117824,-67.018372,-19.333031,-116.44313
558900000,-20.025766,105.6226,-0.38947943,-110.05969,-0.31830591,-134.13641,-17.472549,177.48831
571375000,-29.289547,-134.29926,-0.23431168,48.262749,-0.28132719,42.425011,-26.140499,33.571568
583850000,-27.22344,138.15102,-0.25189954,-13.682221,-0.27983636,-25.516382,-32.087364,-45.907051
596325000,-23.15781,17.869406,-0.34004995,-76.031296,-0.34157285,-93.569969,-24.779491,0.59263575
608800000,-23.535851,-79.65538,-0.38330719,-138.04848,-0.396947,-161.16791,-18.655386,-89.441139
621275000,-26.049561,94.536972,-0.29683444,21.918909,-0.32140091,16.709679,-22.812695,95.477234
633750000,-28.30287,74.409386,-0.24535036,-40.623093,-0.28088555,-51.23756,-21.179125,37.701912
646225000,-18.306253,14.756694,-0.26738128,-103.60735,-0.28819522,-119.63727,-18.620672,-31.960268
658700000,-15.063086,-68.860558,-0.26470974,-165.96945,-0.33400896,172.42249,-18.414982,-111.68958
671175000,-18.427324,79.649071,-0.39727634,-5.1449385,-0.34174168,-10.859675,-18.117273,74.072922
683650000,-15.849193,14.093718,-0.39979157,-68.131836,-0.32381535,-79.872726,-18.537319,17.088964
696125000,-14.269044,-56.72728,-0.46164092,-130.72293,-0.38643271,-149.02373,-15.53649,-39.615643
708600000,-15.901484,-117.13421,-0.53499204,166.95264,-0.46875757,142.18779,-13.672206,-116.12531
721075000,-15.054171,39.210957,-0.53987199,-34.390896,-0.54478699,-38.846256,-15.096179,64.451797
733550000,-13.75869,-33.121338,-0.57233566,-96.182045,-0.53014213,-107.17478,-14.59738,-9.8880796
746025000,-16.409166,-93.871109,-0.51429182,-159.2794,-0.46191227,-176.13557,-15.380053,-81.002602
758500000,-17.332661,-120.0673,-0.46775076,136.61172,-0.48140278,114.31399,-16.439199,-138.97366
770975000,-16.861118,1.6643111,-0.4713493,-64.241905,-0.55495131,-69.839966,-15.349216,42.213585
783450000,-17.251621,-54.612988,-0.57866508,-127.57131,-0.62400216,-138.90875,-15.528267,-29.266968
795925000,-15.496042,-118.00316,-0.58677715,169.21284,-0.67507935,152.27571,-15.594213,-101.82059
808400000,-13.98278,174.22749,-0.69613028,105.65009,-0.65148526,83.244301,-16.224977,-175.30171
820875000,-18.495693,-44.374538,-0.55324572,-98.480064,-0.55389887,-103.57093,-18.120342,17.942484
833350000,-19.197071,-119.76686,-0.52966768,-163.1973,-0.56188977,-173.83772,-18.734245,-49.712376
845825000,-23.395418,166.66768,-0.49514055,131.75967,-0.54085428,115.6299,-20.066517,-121.54028
858300000,-28.150389,168.71367,-0.48755851,66.100296,-0.53577954,44.53207,-25.119247,157.59151
870775000,-29.04199,-141.52733,-0.53700429,-136.51784,-0.49707934,-141.5675,-29.301466,66.456848
883250000,-30.805477,80.683601,-0.54646176,157.96632,-0.53118539,146.8721,-29.157013,39.594948
895725000,-25.003031,-6.3974171,-0.59295255,91.876236,-0.58496928,74.699226,-25.646198,-50.694069
908200000,-24.052715,-38.060146,-0.62224549,25.579889,-0.70255065,2.2374144,-20.153215,-153.88116
920675000,-18.878368,110.61243,-0.66975975,178.73795,-0.679052,173.17682,-18.67774,59.543758
933150000,-15.622389,35.310097,-0.84094507,111.18307,-0.79335678,99.113342,-17.371904,-12.933971
945625000,-14.588641,-32.519943,-0.98309672,42.858059,-0.95537651,24.555336,-15.918219,-85.521019
958100000,-15.372283,-74.497131,-1.1266929,-26.49967,-1.0710759,-50.812256,-14.793101,177.26405
970575000,-13.889868,85.780312,-1.0670552,121.16505,-1.1410879,115.39104,-13.568497,-39.77084
983050000,-10.440948,37.850128,-1.5817374,47.866726,-1.6118685,35.979595,-10.771056,-142.47386
995525000,-6.4817958,-25.211462,-2.4304516,-25.230259,-2.2565522,-43.663486,-8.1915054,116.86703
1008000000,-4.817574,-93.085777,-3.0846581,-99.592186,-2.9075167,-126.12201,-5.3778801,24.397293
1020475000,-3.3158095,50.129959,-4.7831368,38.877369,-4.8071756,34.339207,-3.1864181,-169.42575
1032950000,-2.331646,-19.833651,-7.0658712,-40.501152,-7.0500021,-49.836792,-2.0559013,102.52111
1045425000,-1.707449,-88.37822,-10.561841,-110.94807,-10.296131,-128.4623,-1.9148719,17.628366
1057900000,-1.3189851,-154.10648,-12.760681,-175.35872,-13.134703,160.95682,-1.4323938,-60.396297
1070375000,-0.97606736,-11.125438,-15.287995,-28.572111,-15.176352,-31.619631,-0.79119337,120.38458
1082850000,-0.76972544,-78.865242,-18.057453,-93.072983,-18.271505,-105.29254,-0.75244236,45.144947
1095325000,-0.80027425,-145.86931,-20.913567,-159.01852,-21.226635,-176.72621,-0.62653697,-27.008329
1107800000,-1.15903,143.24922,-23.906147,128.48473,-24.097332,109.90985,-0.35831386,-98.548355
1120275000,-1.9250422,-88.663544,-27.861635,-76.442894,-28.094631,-84.885437,-0.34770411,86.804428
1132750000,-3.822046,169.43842,-34.451118,-153.32454,-35.551033,-161.60384,-0.40639085,14.349499
1145225000,-5.2735324,23.028234,-39.951077,-140.7982,-41.488136,-147.87938,-0.70760119,-56.859425
1157700000,-3.0468712,-106.31358,-34.208138,168.94099,-36.524738,145.32611,-0.77875572,-125.52631
1170175000,-1.8830528,13.934402,-36.50769,-31.542217,-36.912529,-47.242405,-0.38680583,64.778641
1182650000,-1.1316953,-60.263626,-39.456661,-112.6245,-38.95372,-120.36307,-0.1715011,-3.6049078
1195125000,-1.0381621,-125.95644,-46.136566,173.91164,-41.546482,168.11511,0.0029965965,-73.597572
1207600000,-1.0388368,170.21843,-50.007973,164.04883,-44.863075,98.025986,-0.31309044,-143.8114
1220075000,-0.79580218,-45.761135,-52.495525,-108.30647,-48.393291,-80.659607,-0.26905257,48.468555
1232550000,-0.8429355,-104.78074,-46.313107,-67.181465,-52.524391,-145.83479,-0.023150133,-19.50749
1245025000,-0.7983464,-163.13914,-47.903782,102.37311,-57.609993,153.30722,0.050761372,-89.334869
1257500000,-0.46002755,136.33919,-63.418327,-10.812345,-66.602028,95.118172,-0.35433617,-159.1992
1269975000,-0.53856826,-76.32618,-47.95393,91.70652,-71.223015,26.354132,-0.22738551,33.710556
1282450000,-0.6338892,-135.92006,-48.070648,15.200072,-64.095261,-10.59133,-0.32385758,-34.061283
1294925000,-1.0535794,165.55739,-46.656826,-54.506386,-61.569271,-69.059624,-0.514745,-100.24321
1307400000,-1.2570018,108.75603,-61.87365,-153.92178,-60.098293,-132.21832,-0.6632272,-165.5535
1319875000,-0.81505293,-101.8109,-61.618656,120.31026,-58.813507,48.255756,-0.38355973,23.924072
1332350000,-0.80731606,-157.04312,-56.707596,-21.75173,-58.503662,-12.127203,-0.15534475,-40.90646
1344825000,-0.40761173,145.06114,-49.217987,-76.554024,-57.366894,-79.384308,0.24835192,-108.90462
1357300000,-0.26126257,82.742821,-52.735023,16.068064,-57.69323,-150.92564,-0.0039751637,-179.1465
1369775000,-0.79663885,-127.09254,-54.233185,-44.057301,-58.75293,30.333626,-0.078205444,11.606707
1382250000,-0.87816048,174.92406,-42.427891,8.3891325,-59.808372,-36.644459,-0.47538298,-58.28072
1394725000,-0.94753408,115.86592,-59.314724,81.004417,-61.735538,-98.486763,-0.85409766,-122.08334
1407200000,-0.90086192,57.374496,-50.058285,-102.13715,-62.588657,-157.09805,-0.23645423,177.61752
1419675000,-0.96742976,-153.50815,-44.003777,-93.16954,-63.340931,16.503166,-0.16702181,4.1120319
1432150000,-1.0472925,147.09357,-55.657673,85.194847,-65.297348,-44.817787,-0.05915904,-62.179153
1444625000,-0.9382515,86.577568,-52.406307,-92.514732,-68.027435,-112.19189,-0.12616037,-129.29201
1457100000,-0.75130844,26.402063,-51.279919,-23.652237,-69.246628,178.53752,-0.30715081,164.33556
1469575000,-1.0702257,175.63,-48.730564,-46.89938,-73.369545,5.7344856,-0.0075527728,-3.7536416
1482050000,-0.93573928,113.82468,-56.709625,94.893227,-76.861412,-45.014973,0.25194857,-71.762657
1494525000,-0.87689924,49.738113,-52.118496,-16.683815,-88.137161,-38.750465,-0.060851727,-141.10551
1507000000,-1.2608095,-12.500414,-44.174007,-154.81093,-81.585747,-40.444267,-0.73272872,152.70787
1519475000,-1.4224007,141.71129,-70.004982,-5.8088956,-75.224709,141.46654,-0.15444398,-13.260064
1531950000,-1.7150108,79.127731,-44.348858,132.51552,-73.416771,78.40699,-0.23113623,-79.973221
1544425000,-1.4944854,17.672251,-45.124161,-101.73647,-70.821846,18.050352,-0.31512997,-143.75014
1556900000,-1.0207161,-45.2617,-58.248047,-151.07253,-68.450325,-38.985451,-0.25015977,154.15216
1569375000,-1.6982095,102.61187,-44.135357,-177.11224,-67.269089,134.86592,-0.25314757,-17.095917
1581850000,-1.7010529,38.119507,-50.168999,168.49022,-65.865929,71.452377,0.18319915,-81.397659
1594325000,-1.6583469,-25.453102,-46.660976,-137.85156,-65.58812,0.12264947,0.52463216,-151.15233
1606800000,-1.726101,-87.331779,-49.387547,137.24374,-65.457977,-72.387047,-0.093559481,138.47343
1619275000,-1.9374579,59.179703,-45.541046,45.653927,-65.746803,105.44838,-0.29184932,-27.544855
1631750000,-2.0539999,-3.4464757,-46.523056,-27.38932,-67.050049,42.613739,-0.76410753,-92.877525
1644225000,-1.7677366,-63.783291,-49.17569,24.110672,-66.483742,-18.496908,-0.67142725,-153.42201
1656700000,-1.3328948,-124.69281,-44.726078,19.154934,-66.332367,-78.094131,0.37609947,145.62865
1669175000,-1.6421448,18.507912,-47.26284,136.83412,-66.949509,94.866005,-0.37234753,-30.367096
1681650000,-1.542442,-44.817108,-58.411022,-170.24178,-68.082397,22.371683,-0.20262523,-92.49337
1694125000,-2.0719023,-105.48404,-48.196709,6.9055953,-67.902908,-40.288349,0.38064393,-158.94658
1706600000,-2.436888,-162.19897,-57.219185,165.02629,-69.577446,-108.07642,0.47189984,130.11478
1719075000,-1.4689496,-18.705246,-46.226517,-173.29523,-70.169777,66.752235,0.13411792,-37.299164
1731550000,-1.4407806,-76.676544,-45.173729,-72.939201,-72.033447,9.0468826,0.035171758,-106.02947
1744025000,-1.180005,-136.51102,-56.913483,-66.961983,-74.461838,-71.183517,-0.84469932,-171.52737
1756500000,-1.1456969,159.51848,-53.217957,47.237411,-75.467575,-117.32067,-1.2913508,128.46912
1768975000,-1.4066188,-50.655849,-40.866776,123.88238,-89.310226,26.492762,-0.22369519,-43.529995
1781450000,-1.4813272,-107.72023,-49.72213,12.174575,-81.925476,-0.82305914,-0.073305205,-107.9045
1793925000,-1.5224656,-165.91551,-47.569366,160.88785,-80.017662,-26.943596,0.17365035,-171.9205
1806400000,-1.3197879,135.00415,-44.074062,-83.492073,-81.787941,-74.177376,0.16247889,123.72028
1818875000,-1.286112,-78.746109,-48.205967,36.95332,-85.976898,139.33443,-0.046709143,-47.354431
1831350000,-1.1921873,-133.38283,-51.605614,-151.62271,-80.07103,96.041534,0.30389369,-113.43252
1843825000,-0.97735155,169.88539,-56.20237,48.347733,-76.880417,54.090294,0.26668766,177.21309
1856300000,-0.7776807,109.15224,-44.034309,23.430489,-77.038902,-15.849251,-0.214735,109.76768
1868775000,-0.96302253,-101.13589,-44.949883,-13.440963,-75.168427,172.38304,-0.22282998,-56.366837
1881250000,-0.79015547,-159.7989,-62.101204,-21.323004,-74.048508,115.49058,-0.84926033,-120.61633
1893725000,-0.83468765,140.12245,-60.973396,-96.383614,-72.554016,63.63858,-0.62916487,179.78606
1906200000,-1.0080175,81.413086,-53.441887,-58.924664,-69.834824,-10.171205,0.78502512,114.99963
1918675000,-0.94466537,-122.81024,-55.777699,92.563049,-71.96743,168.1938,-0.14873542,-57.546852
1931150000,-1.0455087,-179.66699,-45.919022,108.52799,-71.205605,117.72066,0.13748015,-121.8445
1943625000,-0.90458304,124.28156,-50.741154,59.419983,-69.167503,46.044037,0.21384396,169.69238
1956100000,-0.45454776,66.371452,-49.369587,-60.115219,-68.923241,-26.077972,-0.031053795,102.17089
1968575000,-0.90037119,-139.14996,-53.496017,-142.24109,-69.649841,165.59924,0.010201005,-64.277428
1981050000,-0.66947109,164.64638,-56.163799,10.932704,-68.409729,101.19516,-0.14954875,-130.85191
1993525000,-0.51568937,104.95918,-51.802135,148.49471,-68.365295,29.033754,-0.64596337,164.45686
2006000000,-0.74019444,46.901726,-50.395977,-25.01165,-67.611977,-28.390364,-0.78623998,102.19626
2018475000,-0.94118017,-156.69928,-44.435703,99.912254,-67.838493,152.14479,-0.3236559,-67.93248
2030950000,-1.2207637,148.07346,-58.778812,91.691795,-68.377998,88.645645,0.095810607,-128.34409
2043425000,-1.1124297,95.558128,-45.968842,46.756344,-66.344994,34.065121,0.95446998,166.63687
2055900000,-0.51433539,41.810623,-51.919601,-31.434736,-65.746429,-38.494328,0.51490128,95.026054
2068375000,-0.64963001,-172.96477,-50.518799,-18.07819,-66.705048,148.13461,-0.14866287,-72.958908
2080850000,-0.59075928,132.21021,-42.728455,12.860156,-66.231834,79.698639,-0.18231183,-137.97713
2093325000,-0.55202752,72.988159,-44.228634,-145.96822,-65.022346,19.493851,-0.15716943,155.69803
2105800000,-1.0355829,12.691836,-45.350643,31.415466,-66.599533,-54.489807,-0.10713248,89.593361
2118275000,-0.93041676,172.8468,-44.135757,77.358612,-66.13063,134.99562,-0.22386256,-78.023499
2130750000,-1.0108606,117.43423,-43.734428,-69.144302,-65.967255,73.777191,-0.2713961,-142.15685
2143225000,-0.59750575,62.884014,-67.384499,164.97003,-66.166931,14.343862,-0.059261069,153.15096
2155700000,-0.14248464,7.1297808,-43.180527,3.2585061,-65.226578,-52.309097,0.21574047,87.171234
2168175000,-0.77563441,158.20125,-50.316532,29.333454,-65.496918,130.80782,-0.13277948,-81.625359
2180650000,-0.6997056,102.44695,-53.849117,-124.16763,-65.193001,62.900047,-0.075753041,-146.25096
2193125000,-0.65798545,46.970913,-47.537415,120.34796,-65.038567,3.2344196,0.018266222,146.76807
2205600000,-0.81227285,-7.5888524,-43.347866,171.16765,-65.28434,-62.134949,0.030340426,79.600922
2218075000,-0.69246471,141.72725,-40.6451,136.03889,-64.710487,115.89562,-0.16961978,-87.812431
2230550000,-0.56076741,81.647949,-55.06237,114.37055,-66.206253,48.018433,-0.50341469,-152.26619
2243025000,-0.92997211,24.62064,-59.861805,-4.8664994,-65.18692,-6.9657845,-0.573089,145.20798
2255500000,-1.362711,-27.227873,-55.532764,-30.776159,-65.544716,-65.149742,0.061153512,82.011154
2267975000,-0.76785743,125.17811,-52.359955,-87.051903,-65.865242,106.62499,-0.053155344,-89.437912
2280450000,-0.7907728,67.531319,-50.596821,-127.5419,-64.560944,45.641205,0.58602601,-152.94478
2292925000,-0.5093044,11.379738,-48.313534,73.987106,-64.148293,-20.735014,0.56902021,137.38145
2305400000,-0.28661236,-45.412193,-49.401367,90.288635,-65.176086,-88.221275,-0.67485541,69.988434
2317875000,-0.71824288,112.45749,-42.809692,80.541328,-65.103195,100.56857,-0.094553545,-96.018417
2330350000,-0.99989784,53.329578,-42.960075,151.38013,-64.976334,34.201851,-0.14143652,-161.87195
2342825000,-1.4322767,-4.2270527,-52.663918,-168.15228,-65.589279,-30.738953,-0.089447267,132.29543
2355300000,-1.3142748,-58.97971,-51.779202,-106.59875,-64.664688,-89.534393,0.021995131,66.033989
2367775000,-0.90975517,94.492783,-50.940197,-4.1743989,-65.759064,92.626564,-0.21356161,-99.654335
2380250000,-0.79121655,37.281231,-49.600422,62.29184,-64.484863,23.00489,0.067144282,-163.04756
2392725000,-0.85844141,-17.680794,-47.961914,33.835827,-64.300804,-37.146942,0.68826461,130.6769
2405200000,-1.0558466,-72.754021,-59.069252,-179.36914,-64.550453,-108.87254,0.74465877,60.508156
2417675000,-0.88862646,80.085739,-43.240177,64.168053,-64.604187,81.48159,-0.10775393,-104.27607
2430150000,-0.80615598,22.704021,-55.464279,7.1382904,-64.212151,11.463013,-0.042081296,-170.35155
2442625000,-0.94849777,-33.966785,-44.604366,-25.209782,-63.941742,-48.189507,0.11685709,122.61555
2455100000,-1.2925241,-89.97525,-51.164223,169.70383,-64.885384,-115.55357,0.21998173,55.665314
2467575000,-1.0159091,61.659595,-44.761238,3.5025344,-64.617668,68.064957,-0.15663317,-108.90931
2480050000,-1.0535098,4.6205349,-47.305031,121.89719,-64.750626,4.1124344,-0.26003581,-174.23741
2492525000,-1.0666735,-49.56971,-55.460491,-21.664129,-64.30146,-60.237289,-0.1657135,120.72845
2505000000,-1.0065131,-105.86908,-46.3927,-103.92551,-64.443306,-118.05289,0.14727867,55.03075
2517475000,-0.9683032,43.322731,-59.701561,-155.89476,-65.268578,59.318443,-0.11070197,-111.81763
2529950000,-1.0111452,-13.987935,-53.344017,-43.316536,-64.442398,-6.0187826,0.14282292,-177.07448
2542425000,-1.2555101,-70.170929,-46.14415,-121.08096,-64.944153,-69.895035,0.26205075,114.84956
2554900000,-1.4965044,-125.92037,-42.265079,-69.312317,-65.832085,-134.05934,-0.063768819,47.50238
2567375000,-1.2491695,23.812756,-44.621346,62.994194,-64.671982,52.4533,-0.17843428,-117.13834
2579850000,-1.2447776,-35.076855,-45.389629,10.152259,-64.197456,-16.626352,-0.28665432,178.43602
2592325000,-1.1996537,-91.6866,-67.670883,143.05782,-65.207909,-79.361099,-0.021436956,113.64312
2604800000,-1.0256203,-144.5378,-46.721169,-150.29182,-64.290176,-144.78111,0.18985739,45.921085
2617275000,-1.2217013,3.0285444,-51.717934,-147.69371,-63.488815,34.706516,-0.14707965,-120.20949
2629750000,-1.2523603,-53.083191,-45.176975,25.074923,-64.69928,-23.303009,-0.016947415,175.94498
2642225000,-1.2403889,-111.11083,-50.966705,-32.31789,-65.596565,-94.426041,0.16597575,110.29832
2654700000,-1.2582794,-171.3649,-50.526054,-146.77364,-64.71711,-154.12926,0.010265907,42.575546
2667175000,-1.3701012,-21.281031,-55.34325,53.873688,-65.310318,27.923384,-0.11324093,-124.58441
2679650000,-1.5823661,-80.259964,-52.374844,-9.7370968,-65.368713,-43.230877,-0.14707337,169.57596
2692125000,-1.6713138,-137.8459,-49.22599,-56.25621,-65.823296,-106.03379,-0.2501004,103.71855
2704600000,-1.3353038,165.00883,-46.236374,-13.15923,-65.747826,-163.58041,-0.27627751,39.164112
2717075000,-1.3399677,-44.358898,-44.975929,153.93976,-65.546333,13.358058,-0.13927831,-127.90243
2729550000,-1.2289945,-101.16019,-60.440128,-94.660507,-65.454674,-49.189167,0.16276239,168.29445
2742025000,-1.4552774,-161.5999,-55.294643,-4.8406992,-65.053551,-119.82081,0.33941349,101.58993
2754500000,-1.5433713,136.51566,-46.891537,59.399464,-64.874641,172.73587,-0.17617643,34.476665
2766975000,-1.4148545,-68.825279,-60.02943,168.34242,-66.041107,-1.3633325,-0.17049287,-131.85576
2779450000,-1.4896169,-126.28737,-46.264038,-113.05761,-66.174843,-68.958961,-0.081059553,160.83542
2791925000,-1.6795431,176.16476,-48.412483,94.998001,-66.588242,-135.35919,0.10536737,92.311478
2804400000,-1.7609994,118.76749,-50.94772,55.959244,-66.918411,164.25868,-0.030874321,27.125477
2816875000,-1.3636318,-94.331474,-47.793171,63.560879,-67.773346,-14.546764,-0.15821972,-136.67781
2829350000,-1.35443,-149.47971,-44.483364,112.1675,-68.087029,-77.440948,-0.19026798,157.40564
2841825000,-1.4595755,154.2868,-46.445625,145.60858,-68.439087,-138.69618,-0.079481997,91.681648
2854300000,-1.7421324,94.76487,-47.969757,-141.14288,-67.129868,156.33295,0.11353506,26.411463
2866775000,-1.3461198,-118.70784,-73.81945,72.852043,-68.16581,-21.81225,-0.028041674,-139.94753
2879250000,-1.3733228,-176.18971,-44.837166,-10.920394,-67.092812,-83.597702,0.064906798,153.25558
2891725000,-1.2393918,124.5876,-57.853458,98.971558,-68.652916,-150.33232,-0.29926381,84.744171
2904200000,-1.1973424,67.467819,-51.325325,-113.72732,-70.757942,140.27707,-0.85381347,18.852993
2916675000,-1.2745907,-141.77116,-46.999451,-164.59587,-69.826187,-17.085878,-0.13829753,-145.04294
2929150000,-1.273911,162.13496,-53.908833,-74.721481,-70.476196,-97.851204,-0.3023341,148.71593
2941625000,-1.0449125,105.57526,-50.867165,-45.287186,-70.806068,-149.45691,-0.38336924,84.516685
2954100000,-0.87572604,47.601616,-55.978092,77.873177,-72.758842,142.22586,-0.15614681,21.13065
2966575000,-1.2283689,-162.95146,-59.324848,37.432236,-70.022034,-26.680466,-0.058873229,-148.44102
2979050000,-1.2208952,137.46169,-46.040882,-107.70625,-72.556534,-93.443275,-0.14584088,145.2066
2991525000,-1.2622759,76.953476,-49.03595,-119.23727,-73.995827,-160.00813,-0.51392144,79.598778
3004000000,-1.1877583,19.736746,-53.77306,-69.435524,-72.880455,151.35797,-0.77076113,15.484249
3016475000,-1.0591279,177.46805,-53.732365,-100.37457,-73.834496,-30.534594,-0.14287809,-152.84012
3028950000,-0.87505013,119.22202,-47.323586,-30.0515,-73.805931,-82.609703,-0.31056592,141.14534
3041425000,-0.72193885,60.534294,-52.076553,81.914604,-74.811295,-138.66351,-0.37862086,77.198982
3053900000,-0.67958546,3.2354324,-52.380596,-30.784441,-74.011192,165.13121,-0.21188703,13.338127
3066375000,-1.0741938,160.06261,-78.716217,18.452213,-74.847069,4.191308,-0.1187554,-155.50708
3078850000,-0.84090728,101.02932,-48.575699,-124.71315,-70.598724,-58.966049,0.062388431,139.27161
3091325000,-0.66105652,43.079357,-45.182781,0.086140595,-71.315903,-111.05836,0.0086481348,72.667007
3103800000,-0.89532405,-12.399277,-53.678005,85.112923,-70.743118,-178.45856,-0.44355458,7.3642368
3116275000,-1.0511509,143.02382,-47.900818,24.676632,-70.523407,14.419028,-0.15938391,-159.69228
3128750000,-0.86215049,84.983543,-52.41872,64.518921,-68.991768,-47.714951,-0.19792046,134.8967
3141225000,-0.74685454,28.314512,-46.698528,-41.687473,-68.464409,-109.47063,-0.20515464,70.091637
3153700000,-0.79185736,-27.949823,-62.497169,-2.5056632,-66.624817,-170.59996,-0.26078072,5.9987521
3166175000,-0.89191389,129.33669,-48.817474,-51.1231,-65.132248,11.843195,-0.22199301,-163.44005
3178650000,-1.0515574,71.732079,-51.474651,-137.59163,-64.068466,-52.46846,-0.14937159,131.57942
3191125000,-1.2857679,13.562402,-52.728558,-82.746368,-62.614201,-117.01829,0.20814531,65.038429
3203600000,-1.378271,-40.322735,-64.124176,75.769974,-61.340816,173.08273,0.14482592,-5.6739335
3216075000,-1.3286542,114.76516,-49.618034,-116.20601,-59.927986,-2.8296163,-0.11940323,-167.7394
3228550000,-1.3784856,57.884045,-44.550297,-106.06988,-58.211147,-69.733231,-0.10272922,125.63569
3241025000,-1.3635222,3.9094958,-46.050869,-57.929077,-57.224152,-143.58897,-0.12304847,59.471859
3253500000,-1.4384204,-47.44241,-45.705673,-114.83995,-55.981388,149.20753,-0.15569118,-5.6192651
3265975000,-1.7235156,105.56052,-48.072834,153.74379,-54.895218,-36.17868,-0.10381103,-171.65273
3278450000,-1.7102164,51.518585,-47.244137,163.93323,-54.284435,-112.57819,-0.11832932,121.20393
3290925000,-1.4895582,-1.2616196,-51.8195,135.69807,-54.057003,172.38181,-0.35980251,55.007839
3303400000,-1.2888861,-55.257694,-58.689823,126.0661,-53.99181,101.91087,-0.57475317,-8.1421642
3315875000,-1.0908769,97.654922,-44.072411,-8.1397924,-53.581169,-85.776009,-0.076597974,-174.27089
3328350000,-0.79669464,39.862579,-52.417049,120.6511,-53.743633,-160.53767,0.16394186,119.9495
3340825000,-1.050162,-17.125526,-54.801941,137.05357,-54.652878,126.37691,0.034207936,49.710461
3353300000,-1.4415104,-70.580574,-54.182327,-9.8253613,-55.992741,55.725784,-0.67842203,-20.461832
3365775000,-0.68302327,86.235275,-43.977482,-67.645966,-55.468151,-117.69331,-0.051963985,179.61491
3378250000,-0.66553384,30.825827,-58.802177,-65.836205,-56.344513,172.36482,-0.32234403,111.56703
3390725000,-0.35678428,-23.68928,-53.351925,-21.005558,-57.023346,108.97771,-0.66926134,49.156052
3403200000,-0.20358527,-80.421448,-47.135277,91.47683,-56.301785,44.896622,-0.32326519,-11.646086
3415675000,-0.5806306,74.690262,-49.643452,-154.94395,-56.821053,-136.2755,-0.14015496,177.13696
3428150000,-0.45233479,18.194954,-52.310188,172.56262,-56.950726,157.90251,0.041941684,110.69373
3440625000,-0.59665483,-35.536713,-56.415035,-102.41306,-57.410275,92.115433,-0.023405848,43.668575
3453100000,-1.0501552,-87.805367,-50.538116,35.936424,-57.397202,27.063232,-0.39242569,-20.54244
3465575000,-0.49241525,64.026947,-48.910469,-154.68173,-56.909935,-151.83133,-0.079455994,172.7131
3478050000,-0.42215934,8.6284838,-46.79874,127.05225,-56.849098,141.63635,-0.084789485,105.23328
3490525000,-0.52962321,-44.665092,-45.07909,85.889297,-57.185127,75.789902,-0.34155264,39.106773
3503000000,-0.75067371,-98.438301,-48.788876,1.7765096,-57.036217,11.425181,-0.60105771,-24.335436
3515475000,-0.60169369,53.68705,-51.429874,177.28143,-56.109184,-166.39825,-0.17870294,168.41692
3527950000,-0.66687512,0.16957594,-56.729324,-30.153275,-56.198914,126.5575,-0.43560493,102.54243
3540425000,-0.68703365,-53.007946,-47.908096,99.867462,-55.455288,62.577431,-0.48486477,39.502609
3552900000,-0.77411783,-107.3662,-62.732998,-92.107559,-54.747738,-2.5709481,-0.13729528,-24.115211
3565375000,-0.71436065,42.173088,-42.685783,-167.21657,-54.102802,173.71155,-0.17117596,165.99989
3577850000,-0.96051675,-13.167044,-52.55262,123.49613,-53.433674,105.64278,-0.026341354,99.686737
3590325000,-1.4714025,-66.326462,-51.323318,151.50482,-52.931164,35.578262,-0.1787883,29.500769
3602800000,-1.677462,-117.1964,-48.926575,-9.6121626,-52.749836,-31.538061,-0.62126935,-37.724705
3615275000,-1.3217624,32.656166,-50.015495,-129.35237,-50.878944,138.84651,-0.14922784,159.93614
3627750000,-1.3580912,-18.286661,-53.238483,122.11143,-50.66357,65.79528,-0.52805567,93.374405
3640225000,-1.361654,-70.407898,-44.031132,2.9682152,-50.004013,-5.2301869,-0.71273094,31.794825
3652700000,-1.2828709,-125.73306,-54.453209,-134.22333,-49.068562,-84.228531,-0.18899706,-30.168287
3665175000,-1.5412912,31.326284,-48.045631,119.74271,-49.714806,79.360138,-0.18027943,158.08022
3677650000,-1.3109469,-21.058832,-49.884098,-74.653442,-50.325371,1.2488848,0.14239077,92.942497
3690125000,-1.2893267,-74.41671,-58.664375,-7.6409454,-51.428665,-76.438118,0.10552219,22.939417
3702600000,-1.0638458,-129.08647,-56.793587,15.983365,-53.362038,-149.2285,-0.79475743,-44.817051
3715075000,-0.72056401,23.415674,-54.368767,21.257063,-53.603447,28.521677,-0.10916831,152.1864
3727550000,-0.61587352,-29.608303,-43.015812,5.0860891,-54.878735,-41.855698,-0.11451638,84.356499
3740025000,-0.27499172,-83.369896,-43.364082,-49.664082,-55.690563,-107.88737,-0.372502,19.468437
3752500000,-0.16073461,-141.16452,-55.290813,124.12108,-56.238281,-178.30318,-0.64205647,-42.912792
3764975000,-0.52753532,15.033714,-55.869667,39.225071,-57.242702,1.2439599,-0.2224346,148.26889
3777450000,-0.55383325,-38.060524,-51.784679,-122.73166,-57.578884,-67.654404,-0.36478397,82.422539
3789925000,-0.51240689,-92.178352,-50.082352,-109.23669,-58.048092,-130.91234,-0.35908601,18.437733
3802400000,-0.28334105,-147.48315,-48.070759,-157.65459,-57.951,161.97813,-0.16080134,-45.510872
3814875000,-0.53197819,5.3161254,-51.078308,-154.71974,-58.231976,-24.273085,-0.18234207,143.12723
3827350000,-0.53739011,-47.154408,-47.606766,34.21629,-58.433483,-91.722321,-0.15598005,73.416176
3839825000,-0.731022,-99.276375,-46.523628,-178.80994,-58.663288,-160.62021,-0.44784728,7.2329364
3852300000,-0.67986876,-153.06786,-53.666813,-5.9295816,-58.47332,137.13963,-0.96032161,-54.011089
3864775000,-0.38269964,-2.7615147,-61.889832,145.77808,-57.151958,-50.804272,-0.38393199,136.59334
3877250000,-0.17054093,-56.078781,-45.402267,9.8112326,-56.425667,-115.05047,-0.72342485,70.996498
3889725000,0.0033798947,-110.88274,-50.840912,176.98289,-54.835854,175.21478,-0.49096248,8.5743189
3902200000,-0.26094007,-165.80602,-62.383049,36.235165,-53.139584,100.57095,-0.17455733,-60.250137
3914675000,-0.46479902,-11.153806,-62.48151,178.73872,-51.469177,-90.49295,-1.1505264,127.58284
3927150000,-0.30238733,-64.230125,-46.220901,176.59435,-49.262939,-173.2836,-2.3055308,59.721004
3939625000,-0.26598209,-117.86633,-41.668106,107.91653,-47.763256,91.600914,-3.9836383,5.4393234
3952100000,-0.17499338,-173.21764,-43.704998,-38.463634,-49.120193,-8.6082191,-2.8976107,-44.061714
3964575000,-0.3983638,-20.507641,-54.951572,-92.14653,-51.970181,146.43028,-1.3114142,145.35841
3977050000,-0.55979431,-74.371933,-47.720085,70.789063,-55.048374,67.785889,-0.74051052,74.413757
3989525000,-0.62981629,-128.05997,-55.975277,-117.52823,-57.776985,-3.2768662,-0.8559978,10.01295
4002000000,-0.43230227,178.3633,-44.064148,-66.708855,-60.049625,-62.777908,-1.1188008,-51.179455
4014475000,-0.35757995,-28.459978,-58.014389,-54.795692,-60.449196,104.71758,-0.34960905,135.70695
4026950000,-0.28244072,-81.17942,-58.094421,-93.84481,-62.472855,39.746471,-0.47501874,70.016342
4039425000,-0.23748566,-135.33202,-54.006477,-120.9372,-62.929321,-25.523451,-0.47756431,7.2307549
4051900000,-0.40668902,169.35843,-46.707954,-106.57521,-64.48101,-89.338989,-0.17825951,-57.162376
4064375000,-0.37487355,-35.821918,-47.249573,-151.85106,-65.470802,88.737495,-0.15589172,129.73016
4076850000,-0.40635401,-88.659073,-45.885849,-151.73314,-65.725395,13.552258,-0.40938473,62.265255
4089325000,-0.33974639,-142.45012,-49.016804,17.847012,-66.761543,-46.3111,-0.86328131,-1.1112761
4101800000,-0.12515794,161.98064,-51.91972,150.19183,-66.857033,-107.77442,-0.7194221,-62.413361
4114275000,-0.32798094,-42.701454,-47.39542,14.315347,-67.33548,74.546303,-0.20645368,125.07071
4126750000,-0.3254216,-94.15712,-45.416164,58.60519,-68.738121,13.255294,-0.33933908,59.716167
4139225000,-0.35191053,-147.93735,-47.598595,48.094479,-69.157372,-60.340004,-0.39320603,-3.8951776
4151700000,-0.58228517,156.54512,-49.350445,-36.004421,-69.995354,-119.48592,-0.25682059,-68.429047
4164175000,-0.38330671,-50.094646,-44.521717,-63.752445,-69.524178,61.6982,-0.1966816,120.8157
4176650000,-0.40996835,-104.19785,-51.216824,-71.57093,-69.33223,-6.6771731,-0.21644028,55.294395
4189125000,-0.33352169,-159.62395,-45.008694,84.109543,-69.659492,-71.09655,-0.17070384,-9.4498262
4201600000,-0.28744861,145.79129,-61.99577,-64.887703,-68.945229,-131.66534,-0.17175955,-74.866859
4214075000,-0.32417902,-58.282013,-55.238323,-100.6959,-69.833473,48.060413,-0.1556443,115.56369
4226550000,-0.31400537,-111.9432,-60.478603,-67.653526,-70.731209,-20.775816,-0.56326014,47.578625
4239025000,-0.29947782,-165.81267,-49.757996,80.109413,-71.90934,-87.543098,-1.0231336,-15.316735
4251500000,-0.31600893,140.01585,-54.423592,128.86058,-70.679695,-135.71175,-0.7546581,-74.557953
4263975000,-0.48177186,-66.328613,-46.297066,108.3677,-70.360619,36.806858,-0.17513049,112.6244
4276450000,-0.4547095,-118.97353,-40.62674,-170.92725,-71.920105,-25.439072,0.056322005,47.996593
4288925000,-0.326426,-174.21446,-51.954144,16.376822,-71.036629,-96.369049,0.3348372,-19.351402
4301400000,-0.26166788,129.34233,-53.353634,-8.1789446,-71.126312,-165.1463,-0.0050268192,-88.583321
4313875000,-0.40787071,-74.010384,-44.946247,104.38531,-72.583656,32.116188,-0.120006,107.78869
4326350000,-0.61715919,-127.35283,-49.073689,66.464493,-71.990898,-36.050076,-0.12404094,40.28936
4338825000,-0.46839818,179.46962,-49.462597,20.368547,-72.45845,-93.943176,-0.51148236,-27.46376
4351300000,0.20803273,125.2688,-54.105511,36.973564,-73.283531,-158.95895,-0.90368146,-92.302902
4363775000,-0.48167118,-81.046539,-45.943066,-13.429901,-71.785233,17.344744,-0.2285434,102.56673
4376250000,-0.37321854,-133.74719,-42.104424,61.343616,-74.021141,-42.820477,-0.63018382,38.719769
4388725000,-0.12884991,171.49199,-41.871689,-86.103004,-71.591957,-102.34229,-0.53923905,-21.191244
4401200000,-0.091293193,115.12899,-42.925961,-174.14977,-71.155289,-165.30373,0.22603941,-86.03167
4413675000,-0.43477252,-87.984634,-52.139771,141.82027,-72.643898,19.162525,-0.12727576,98.899498
4426150000,-0.50891501,-141.47722,-47.896145,-165.2352,-73.613701,-45.37487,-0.1780165,32.372086
4438625000,-0.46739924,164.37567,-51.111698,160.65143,-73.955627,-103.77322,-0.49172673,-32.209644
4451100000,-0.32058495,110.40771,-46.974567,86.006165,-72.825012,175.29185,-0.70413727,-95.354843
4463575000,-0.31835735,-95.122726,-44.341694,26.475788,-72.929207,4.8240695,-0.22525835,93.890312
4476050000,-0.17980559,-149.93095,-51.715565,-10.577575,-73.656319,-72.454796,-0.58321768,27.348679
4488525000,-0.57428294,153.28888,-56.295307,-28.474602,-73.431633,-117.20119,-0.44902369,-34.143906
4501000000,-1.1718405,99.327354,-55.459328,-74.612663,-70.828484,176.16064,0.34939024,-95.239265
4513475000,-0.41954774,-102.30576,-47.454361,25.185314,-71.042648,-13.111228,-0.23071903,91.037178
4525950000,-0.46603933,-155.67911,-55.722065,-97.525238,-72.213676,-66.518806,-0.14281501,28.141706
4538425000,-0.24246472,149.87688,-44.570972,-123.50221,-72.111458,-131.98972,0.11140837,-37.952492
4550900000,-0.055924393,94.525505,-47.214413,119.37082,-72.505013,156.9429,-0.15171561,-106.8144
4563375000,-0.46828872,-109.36372,-47.084442,66.743584,-71.066658,-12.3548,-0.15430516,85.846123
4575850000,-0.3933101,-162.36285,-54.140579,37.438442,-74.361847,-77.260033,-0.37831381,19.505337
4588325000,-0.22639143,143.79819,-57.255909,7.05339,-72.196419,-136.7245,-0.81533343,-45.099731
4600800000,-0.21321812,88.844734,-46.276352,-22.450918,-74.201103,162.02974,-0.88689679,-107.11902
4613275000,-0.3860606,-116.09475,-52.20285,-60.84597,-72.332039,-19.440828,-0.25703442,81.705399
4625750000,-0.3048228,-170.97083,-50.609928,37.780834,-72.288765,-84.681679,-0.55582207,19.403366
4638225000,-0.27498347,133.47308,-56.537689,-117.09309,-72.463448,-146.69519,-0.341636,-41.76384
4650700000,-0.32807204,79.476219,-45.593189,-35.891815,-71.531509,160.45294,0.51400322,-107.99882
4663175000,-0.35578835,-123.23956,-45.482426,-20.592775,-71.939011,-36.728188,-0.15180269,77.450134
4675650000,-0.43158609,-178.26276,-43.584755,-108.20673,-71.806725,-76.431038,-0.0052578775,12.346462
4688125000,-0.38243175,127.05206,-53.120296,-47.755703,-71.619896,-155.28113,-0.14010637,-54.635925
4700600000,-0.065579124,72.481354,-44.694496,110.77591,-71.887665,139.98137,-0.59672451,-120.85748
4713075000,-0.41260004,-129.70499,-57.444126,9.3708143,-72.644966,-28.308542,-0.23384523,72.152008
4725550000,-0.35336658,175.75165,-56.538971,-131.35287,-71.059326,-97.877243,-0.38974142,7.5358658
4738025000,-0.10441574,118.33735,-48.080959,-6.5790052,-72.204124,-157.17281,-0.2264531,-54.96479
4750500000,-0.12462126,61.939449,-50.977421,-10.759155,-71.740784,141.72632,0.19569893,-118.14768
4762975000,-0.54204655,-136.30974,-55.321182,-138.40581,-70.838898,-38.018673,-0.15260071,68.306946
4775450000,-0.5180636,170.07135,-53.596878,164.96799,-70.705261,-99.098694,0.016900707,2.623316
4787925000,-0.36124,116.79167,-48.310467,99.988708,-71.026596,-168.41812,-0.31864202,-64.679634
4800400000,-0.071757823,63.364227,-54.285686,-39.417595,-71.705124,138.82597,-0.68009579,-128.46957
4812875000,-0.2771554,-143.38066,-53.517803,11.03535,-70.603569,-52.82468,-0.24354842,62.838341
4825350000,-0.3408744,161.1505,-51.618393,79.225212,-70.536049,-100.07118,-0.27757135,-2.5348139
4837825000,-0.7070576,104.83067,-50.296516,-115.71927,-69.188995,-171.58829,0.066089004,-67.183952
4850300000,-0.98013765,49.023983,-47.067097,-77.143356,-70.621254,124.7962,0.40867418,-131.61343
4862775000,-0.47226644,-149.28955,-47.436153,-98.696388,-70.817329,-49.715511,-0.2613408,58.481747
4875250000,-0.4114874,155.58168,-47.852802,-32.263145,-70.131149,-117.81441,-0.47734725,-3.5282474
4887725000,-0.22651604,101.36098,-53.678757,10.031707,-68.955147,-169.02762,-0.2880007,-66.889488
4900200000,0.020754358,47.091648,-46.769714,140.42268,-69.123367,116.46841,0.31916583,-135.44693
4912675000,-0.54058009,-157.06668,-46.278816,-159.78004,-68.41703,-55.878517,-0.21370804,53.306644
4925150000,-0.43149856,148.89188,-49.611801,92.177902,-69.381897,-130.1496,-0.20557603,-11.062396
4937625000,-0.30314177,94.815605,-45.693199,-23.759029,-68.500969,171.54561,-0.29100034,-77.190407
4950100000,-0.2410205,41.014439,-48.940289,-130.69215,-67.878876,107.57362,-0.44027549,-143.94043
4962575000,-0.416843,-163.02692,-44.84148,-153.28683,-67.712196,-73.953461,-0.24519016,48.21217
4975050000,-0.32570782,142.45738,-54.800407,70.28215,-66.941849,-127.6773,-0.25021625,-14.821391
4987525000,-0.17953387,87.258049,-47.851112,-31.477289,-66.45475,165.74216,-0.15244339,-80.334366
5000000000,-0.27788275,33.332199,-58.458263,-56.234127,-65.963783,101.55708,-0.036960647,-148.91905
